{
    "os": "Linux-4.15.0-142-generic-x86_64-with-glibc2.17",
    "python": "3.8.16",
    "heartbeatAt": "2023-05-23T08:25:52.869807",
    "startedAt": "2023-05-23T08:25:51.445586",
    "docker": null,
    "cuda": "11.0.207",
    "args": [
        "--gpu=0",
        "--save_dir=/deepall_testPerSubject_Utrecht_300epoch-rs42",
        "--normal_aug",
        "--wandb=wmh_seg_dg",
        "--random_seed=42",
        "--max_num_epochs=300",
        "--batch_size=30",
        "--T1",
        "--single_target=Utrecht"
    ],
    "state": "running",
    "program": "../src/main.py",
    "host": "wyd-System-Product-Name",
    "username": "wzc",
    "executable": "/home/wzc/anaconda3/envs/pytorch/bin/python",
    "cpu_count": 4,
    "cpu_count_logical": 4,
    "cpu_freq": {
        "current": 2397.5815000000002,
        "min": 800.0,
        "max": 3800.0
    },
    "cpu_freq_per_core": [
        {
            "current": 2400.008,
            "min": 800.0,
            "max": 3800.0
        },
        {
            "current": 2400.0,
            "min": 800.0,
            "max": 3800.0
        },
        {
            "current": 2390.315,
            "min": 800.0,
            "max": 3800.0
        },
        {
            "current": 2400.003,
            "min": 800.0,
            "max": 3800.0
        }
    ],
    "disk": {
        "total": 442.6394271850586,
        "used": 404.21678161621094
    },
    "gpu": "NVIDIA GeForce RTX 2080",
    "gpu_count": 1,
    "gpu_devices": [
        {
            "name": "NVIDIA GeForce RTX 2080",
            "memory_total": 8589934592
        }
    ],
    "memory": {
        "total": 15.602413177490234
    }
}
